Identifier,Remarks,Filter,default,eng enc ena enz eni ens enj enb enl ent enw,cs,da,de,el,eo,es,esm esn esg esc esa esd esv eso esr ess esf esl esy esz esb ese esh esi esu,fi,fr,hu,it,jp,ko,nl,no nb,pl,pt,ptg,ro,ru,sr,sv,tr,zh,zht
,“Which game?” menu,,,,,,,,,,,,,,,,,,,,,,,,,,,,
WF_GAME,,,Which Game?,,,,,,,,,,,,,,,,,Która gra?,,,,Какая игра?,,,,,
WF_GAME_DOOM1,,,DOOM,,,,,,,,,,,,,,,,,,,,,,,,,,
WF_GAME_DOOM2,,,DOOM II,,,,,,,,,,,,,,,,,,,,,,,,,,
WF_GAME_FDOOM,,,Final DOOM,,,,,,,,,,,,,,,,,,,,,Финальный DOOM,,,,,
,“Which campaign?” menu,,,,,,,,,,,,,,,,,,,,,,,,,,,,
WF_CAMPAIGN,,,Which Campaign?,,,,,,,,,,,,,,,,,Która kampania?,,,,Какая кампания?,,,,,
WF_CAMPAIGN_DOOM1,,,The DOOM Trilogy,,,,,,,,,,,,,,,,,Trylogia DOOM,,,,Оригинальная трилогия DOOM,,,,,
WF_CAMPAIGN_UDOOM,,,The Ultimate DOOM,,,,,,,,,,,,,,,,,,,,,Предельный DOOM,,,,,
WF_CAMPAIGN_DOOM2,,,Hell on Earth,,Peklo na zemi,Helvede på jorden,Hölle auf Erden,Αρμαγεδδών,Infero sur la Tero,Infierno en la Tierra,,Helvetti maan päällä,Enfer sur Terre,Földi pokol,Inferno sulla Terra,第三惑星:地獄,지상에 강림한 지옥,Hel op Aarde,Helvete på jorden,Piekło na Ziemi,Inferno na Terra,,Iadul pe Pământ,Ад на Земле,Пакао на Земљи,Helvetet på jorden,Yeryüzündeki Cehennem,,
WF_CAMPAIGN_MASTER,,,Master Levels,,,,,,,,,,,,,,,,,Poziomy mistrzów,,,,Уровни мастеров,,,,,
WF_CAMPAIGN_NERVE,,,No Rest for the Living,,Nemajíť živí pokoje,Ingen hvile for de levende,Keine Ruhe für die Lebenden,Καμία Ανάπαυση για τους Ζωντανούς,Nenia ripozo por la vivantoj,No hay descanso para los vivos,,Ei lepoa eläville,Pas de repos pour les vivants,Nincs nyugodalom az élőnek,Nessun Riposo per i Vivi,休息なき生計,산 자에게 휴식은 없다,Geen Rust voor de Levenden,Ingen hvile for de levende,Nie ma pokoju dla żywych,Não Há Descanso Para os Vivos,,Cei vii Fără de Odihnă,Не будет покоя живым,Нема одмора живима,Ingen vila för de levande,Yaşayanlara Huzur Yok,,
WF_CAMPAIGN_ID1,,,Legacy of Rust,,,,,,,,,,,,,,,,,,,,,Наследие ржавчины,,,,,
WF_CAMPAIGN_TNT,,,TNT: Evilution,,TNT: Zlovoluce,,,ΤΝΤ: Κακοξέλιξη,TNT: Mavalucio,TNT: Diabolución,,TNT: Paholuutio,,,TNT: Malvoluzione,TNT:邪神化,TNT: 이블루션,Tnt: Evilutie,,TNT: Ewolucja zła,TNT: Malvolução,,TNT: Diavoluția,TNT: Дьяволюция,TNT: Ђаволуција,,,,
WF_CAMPAIGN_PLU,,,The Plutonia Experiment,,Experiment Plutonia,Plutonia-eksperimentet,Das Plutonia Experiment,Το Πείραμα Πλουτώνια,La eksperimento de Plutonia,El experimento Plutonia,,Plutoniakokemus,L'expérience Plutonia,A Plutonia-kísérlet,L'Esperimento di Plutonia,プルトニア記,플루토니아 익스페리먼트,Het Plutonia Experiment,Plutonia-eksperimentet,Eksperyment Plutonia,O Experimento Plutonia,A Experiência Plutonia,Experimentul Plutonia,Эксперимент «Плутония»,Експеримент Плутонија,Plutonia-experimentet,Plutonia Deneyi,,
,“Which episode?” menu,,,,,,,,,,,,,,,,,,,,,,,,,,,,
WF_EPISODE_EPI1,The DOOM Trilogy,,Knee-Deep in the Dead,,Po kolena v mrtvých,Knæet dybt i de døde,Knietief im Tod,Βουτηγμένος στους Νεκρούς μέχρι τα γόνατα,Ĝiskole inter mortintoj,Hasta el cuello entre muertos,,Polvia myöten vainajissa,Plongé dans la Mort,Térdig halálban,Nella morte fino al collo,膝元迫る亡者,끝없이 밀려오는 죽음,Knie-diep in de Doden,Knedyp i de døde,Po kolana w trupach,Corpos até os Joelhos,,Îngropat printre Cadavre,По колено в трупах,До колена у лешевима,Knä-djupt i de döda,Ölüme Diz Boyu,,
WF_EPISODE_EPI2,,,The Shores of Hell,,Břehy pekla,Helvedes kyster,Die Ufer der Hölle,Οι Ακτές της Κόλασης,La Infer-bordoj,Las orillas del Infierno,,Hornan rannat,Les Portes de l'Enfer,A pokol tornáca,Le rive dell'Inferno,地獄の瀬戸際,지옥의 해변,De Oevers van de Hel,Helvetes kyster,Przedsionek piekieł,As Margens do Abismo,,Țărmurile Iadului,Прибрежье преисподней,Обале пакла,Helvetets stränder,Cehennem Kıyıları,,
WF_EPISODE_EPI3,,,Inferno,,,,,Πυρ το Εξώτερον,,,,,,Alvilág,,インフェルノ,연옥,,,,,,Infernul,Инферно,Инферно,,İnferno,,
WF_EPISODE_EPI4,The Ultimate DOOM,,Thy Flesh Consumed,,Tvé tělo pozřeto,Dit kød er fortæret,Dein Leib verzehrt,Η Σάρκα σου θα Καταναλωθεί,Kiam konsumiĝos via karno,Cuando tu carne se consuma,,Lihasi kulutettu,Votre Chair Consumée,Megemésztetik a te húsod,La tua Carne Consumata,滅びし汝の身,쇠패해진 그대의 육신,Uw Vlees Geconsumeerd,Ditt kjøtt fortæres,Ciało twe zwiotczeje,No Consumir-se da Tua Carne,,Carnea ta Fără de Vlagă,Твоя плоть поглощена,Твоје месо строшено,Ditt kött är uppslukat,Etin Tükendi,,
WF_EPISODE_EPI5,,,SIGIL,,,,,,,,,,,,,,,,,,,,,,,,,,
WF_EPISODE_EPI6,,,SIGIL II,,,,,,,,,,,,,,,,,,,,,,,,,,
WF_EPISODE_D2E1,Hell on Earth,,The Space Station,,,,,,,,,,,,,,,,,Stacja kosmiczna,,,,Космическая станция,,,,,
WF_EPISODE_D2E2,,,The City,,,,,,,,,,,,,,,,,Miasto,,,,Город,,,,,
WF_EPISODE_D2E3,,,Hell,,,,,,,,,,,,,,,,,Piekło,,,,Ад,,,,,
WF_EPISODE_MLE1,Master Levels,,Tim Willits,,,,,,,,,,,,,,,,,,,,,,,,,,
WF_EPISODE_MLE2,,,Christen Klie,,,,,,,,,,,,,,,,,,,,,,,,,,
WF_EPISODE_MLE3,,,Tom Mustaine,,,,,,,,,,,,,,,,,,,,,,,,,,
WF_EPISODE_MLE4,,,Jim Flynn's Titan,,,,,,,,,,,,,,,,,Tytan Jima Flynna,,,,Титан Джима Флинна,,,,,
WF_EPISODE_MLE5,,,John Anderson's INFERNO,,,,,,,,,,,,,,,,,INFERNO Johna Andersona,,,,Песни Ада Джона Андерсона,,,,,
WF_EPISODE_MLE6,,,Sverre Kvernmo's CABAL,,,,,,,,,,,,,,,,,CABAL Sverrego Kvernmo,,,,КЛИКА Сверре Андре Квернмо,,,,,
WF_EPISODE_TNE1,TNT: Evilution,,Io Base,,,,,,,,,,,,,,,,,Baza na Lo,,,,База Ио,,,,,
WF_EPISODE_TNE2,,,Nighttime Io,,,,,,,,,,,,,,,,,Lo w nocy,,,,Вечерний Ио,,,,,
WF_EPISODE_TNE3,,,Hell on Io,,,,,,,,,,,,,,,,,Piekło na Lo,,,,Ад на Ио,,,,,
WF_EPISODE_PLE1,The Plutonia Experiment,,Earth,,,,,,,,,,,,,,,,,Ziemia,,,,Земля,,,,,
WF_EPISODE_PLE2,,,Hell,,,,,,,,,,,,,,,,,Piekło,,,,Ад,,,,,
WF_EPISODE_PLE3,,,Devil Hive,,,,,,,,,,,,,,,,,Siedlisko demonów,,,,Дьявольский улей,,,,,
WF_EPISODE_ID1EP1,Legacy of Rust,,The Vulcan Abyss,,,,,,,,,,,,,,,,,Wulkaniczna otchłań,,,,Вулканская бездна,,,,,
WF_EPISODE_ID1EP2,,,Counterfeit Eden,,,,,,,,,,,,,,,,,Podrobiony Eden,,,,Поддельный Эдем,,,,,
,options menu text,,,,,,,,,,,,,,,,,,,,,,,,,,,,
WF_MENU_TITLE,,,WadFusion Options,,,,,,,,,,,,,,,,,Opcje WadFusion,,,,Настройки WadFusion,,,,,
WF_MENU_RESTART_TEXT,,,Note: Changing any of these compatibility options requires a level restart.,,,,,,,,,,,,,,,,,Uwaga: Zmiana jakichkolwiek z tych ustawień kompatybilności wymaga zresetowania poziomu.,,,,Примечание: Для применения данных настроек совместимости требуется перезапуск уровня.,,,,,
WF_MENU_FD_TEXSWAP,,,Final DOOM texture substitutions,,,,,,,,,,,,,,,,,Zamienione tekstury w Final DOOM,,,,Замена текстур в Финальном DOOM,,,,,
WF_MENU_D2SKY_COMPAT,,,DOOM II custom sky compatibility,,,,,,,,,,,,,,,,,kompatybilność ze zmodyfikowanym niebem w DOOM II,,,,Совместимость с пользовательскими текстурами неба в DOOM II,,,,,
WF_MENU_D1_TEXSWAP,,,DOOM 1 texture substitutions,,,,,,,,,,,,,,,,,Zamienione tekstury w DOOM 1,,,,Замена текстур в DOOM 1,,,,,
WF_MENU_ID1_TEXSWAP,,,Legacy of Rust texture substitutions,,,,,,,,,,,,,,,,,Zamienione tekstury w Legacy of Rust,,,,Замена текстур в Legacy of Rust,,,,,
WF_MENU_MASTERLEVELS_TEXSWAP,,,Master Levels texture substitutions,,,,,,,,,,,,,,,,,Zamienione tekstury w Poziomach mistrzów,,,,Замена текстур в Уровнях мастеров Джима Флинна,,,,,
WF_MENU_KILLCOUNTFIX,,,Don't count summoned and revived enemies,,,,,,,,,,,,,,,,,Nie licz przywołanych i ożywionych przeciwników,,,,Не засчитывать призванных и возрожденных врагов,,,,,
WF_MENU_XBOX_SECRET_EXITS,,,Xbox secret exits,,,,,,,,,,,,,,,,,Sekretne wyjścia z wersji Xbox,,,,Тайные выходы из Xbox,,,,,
WF_MENU_ID1_WEAPSWAP,,,Legacy of Rust weapon substitutions,,,,,,,,,,,,,,,,,Zamienione bronie w Legacy of Rust,,,,Замена оружий из Legacy of Rust,,,,,
WF_MENU_ID1_WEAPSWAP_OPTVAL1,,,Only in LoR,,,,,,,,,,,,,,,,,Tylko w LoR,,,,Только в LoR,,,,,
WF_MENU_ID1_WEAPSWAP_OPTVAL2,,,Everywhere,,,,,,,,,,,,,,,,,Wszędzie,,,,Везде,,,,,
WF_MENU_SIGIL2_SPIDERBOSS,,,SIGIL II Spider Mastermind buff,,,,,,,,,,,,,,,,,Wzmocnienie Pajęczego Mistrza w SIGIL II,,,,Усиление Паука-предводителя в SIGIL II,,,,,
WF_MENU_SIGIL_SHDERS,,,Buckethead soundtrack for SIGIL,,,,,,,,,,,,,,,,,Ścieżka dźwiękowa Buckethead w SIGIL,,,,Саундтрек Buckethead к SIGIL,,,,,
WF_MENU_SIGIL2_SHDERS,,,THORR soundtrack for SIGIL II,,,,,,,,,,,,,,,,,Ścieżka dźwiękowa THORR w SIGIL II,,,,Саундтрек THORR к SIGIL II,,,,,
WF_MENU_HULSHULT_IDKFA,,,Andrew Hulshult's IDKFA soundtrack,,,,,,,,,,,,,,,,,Ścieżka dźwiękowa IDKFA autorstwa Andrew Hulshult,,,,Саундтрек IDKFA Эндрю Хулшульта,,,,,
WF_MENU_BLACKROOMSWAP_E1M4B,,,Replace E1M4 with E1M4B,,,,,,,,,,,,,,,,,Zamień E1M4 na E1M4B,,,,Заменить E1M4 на E1M4B,,,,,
WF_MENU_BLACKROOMSWAP_E1M8B,,,Replace E1M8 with E1M8B,,,,,,,,,,,,,,,,,Zamień E1M8 na E1M8B,,,,Заменить E1M8 на E1M8B,,,,,
WF_MENU_HUD,,,WadFusion HUD Options,,,,,,,,,,,,,,,,,Opcje HUD Wadfusion,,,,Настройки отображения информации WadFusion,,,,,
WF_MENU_HUD_ID24,,,Always show cell and fuel ammo in status bar,,,,,,,,,,,,,,,,,Zawsze pokazuj amunicję dla ogniw i paliwa w pasku statusu,,,,Всегда показывать энергобатареи и топливо в строке состояния,,,,,
WF_MENU_HUD_SWAPHEALTHARMOR,,,Swap health and armor in fullscreen HUD,Swap health and armour in fullscreen HUD,,,,,,,,,,,,,,,,Zamień zdrowie i pancerz w pełnoekranowym HUD,,,,Поменять здоровье и броню местами в полноэкранном отображении информации,,,,,
WF_MENU_HUD_ULTRAWIDE,,,Horizontal fullscreen HUD offset,,,,,,,,,,,,,,,,,Poziome przesunięcie pełnoekranowego HUD,,,,Горизонтальное смещение полноэкранного отображения информации,,,,,
WF_MENU_CREDITS,,,WadFusion Credits,,,,,,,,,,,,,,,,,Autorzy WadFusion,,,,Разработчики WadFusion,,,,,
WF_MENU_CREDITS_TITLE,,,Credits,,,,,,,,,,,,,,,,,Autorzy,,,,Разработчики,,,,,
WF_MENU_CREDITS_DOOM2,,,DOOM II: Hell on Earth,,,,,,,,,,,,,,,,,DOOM II: Piekło na Ziemi,,,,DOOM II: Ад на Земле,,,,,
WF_MENU_CREDITS_D2ML,,,Master Levels for DOOM II,,,,,,,,,,,,,,,,,Poziomy Mistrzów dla Doom 2,,,,Уровни мастеров для DOOM II,,,,,
WF_NAME,,,WadFusion,,,,,,,,,,,,,,,,,,,,,,,,,,
,credits headings,,,,,,,,,,,,,,,,,,,,,,,,,,,,
WF_CRED_DEVPUB,,,Developed and Published by,,,,,,,,,,,,,,,,,Stworzone i wydane przez,,,,Разработчик и издатель,,,,,
WF_CRED_CODE,,,Programmers,,,,,,,,,,,,,,,,,Programiści,,,,Программисты,,,,,
WF_CRED_ART,,,Artists,,,,,,,,,,,,,,,,,Artyści,,,,Художники,,,,,
WF_CRED_BIZ,,,Business,,,,,,,,,,,,,,,,,Biznes,,,,Бизнес,,,,,
WF_CRED_SUPPORT,,,Software Support,,,,,,,,,,,,,,,,,Wsparcie programu,,,,Поддержка ПО,,,,,
WF_CRED_AUDIO,,,Music and Sound,,,,,,,,,,,,,,,,,Muzyka i dźwięk,,,,Музыка и звуки,,,,,
WF_CRED_AUDIO_CODE,,,Sound Code,,,,,,,,,,,,,,,,,Kod dźwięku,,,,Звуковой код,,,,,
WF_CRED_LD,,,Level Designers,,,,,,,,,,,,,,,,,Projektanci poziomów,,,,Дизайнеры уровней,,,,,
WF_CRED_THANKS,,,Special Thanks,,,,,,,,,,,,,,,,,Podziękowania dla,,,,Особая благодарность,,,,,
WF_CRED_DEV,,,Developed by,,,,,,,,,,,,,,,,,Stworzone przez,,,,Разработчик,,,,,
WF_CRED_PUB,,,Published by,,,,,,,,,,,,,,,,,Wydane przez,,,,Издатель,,,,,
WF_CRED_ORIG,,,Original DOOM Code and Art Assets,,,,,,,,,,,,,,,,,Oryginalny kod i  zasoby DOOM,,,,Оригинальный код и художественные ресурсы,,,,,
WF_CRED_MUSIC,,,Music,,,,,,,,,,,,,,,,,Muzyka,,,,Music,,,,,
WF_CRED_COVER,,,Cover Art,,,,,,,,,,,,,,,,,Okładka,,,,Обложка,,,,,
WF_CRED_LD1,,,Level Designer,,,,,,,,,,,,,,,,,Projektant poziomów,,,,Дизайн уровней,,,,,
WF_CRED_TEST,,,Playtesters,,,,,,,,,,,,,,,,,Testerzy,,,,Тестеры,,,,,
WF_CRED_XBOXLD,,,Xbox Port Level Designers,,,,,,,,,,,,,,,,,Projektanci poziomów portu na Xbox,,,,Дизайнеры уровней из порта на Xbox,,,,,
WF_CRED_XBOXLD1,,,Xbox Port Level Designer,,,,,,,,,,,,,,,,,Projektant poziomów portu na Xbox,,,,Дизайнер уровня из порта на Xbox,,,,,
WF_CRED_SOUND,,,Sound,,,,,,,,,,,,,,,,,Dźwięk,,,,Звуки,,,,,
WF_CRED_IDDM1,,,id Deathmatch Pack #1,,,,,,,,,,,,,,,,,,,,,,,,,,
WF_CRED_REMIX,,,Remixed DOOM and DOOM II Music,,,,,,,,,,,,,,,,,Zremiksowana muzyka DOOM i DOOM II,,,,Ремикшированная музыка DOOM и DOOM II,,,,,
WF_CRED_WF,,,WadFusion,,,,,,,,,,,,,,,,,,,,,,,,,,
WF_CRED_WS,,,Original WadSmoosh,,,,,,,,,,,,,,,,,Oryginalny WadSmoosh,,,,Оригинальный WadSmoosh,,,,,
WF_CRED_CONTRIBUTORS,,,Contributors,,,,,,,,,,,,,,,,,Kontrybutorzy,,,,Внесшие вклад,,,,,
WF_CRED_OMG,,,Omgifol Library,,,,,,,,,,,,,,,,,Biblioteka Omgifol,,,,Библиотека Omgifol,,,,,
WF_CRED_WIDEPIX,,,WidePix,,,,,,,,,,,,,,,,,,,,,,,,,,
WF_CRED_ID,credits,,id Software,,,,,,,,,,,,,,,,,,,,,,,,,,
WF_CRED_NERVE,,,Nerve Software,,,,,,,,,,,,,,,,,,,,,,,,,,
WF_CRED_TNT,,,TeamTNT,,,,,,,,,,,,,,,,,,,,,,,,,,
WF_CRED_ROMEROGAMES,,,Romero Games,,,,,,,,,,,,,,,,,,,,,,,,,,
WF_CRED_NIGHTDIVE,,,Nightdive Studios,,,,,,,,,,,,,,,,,,,,,,,,,,
WF_CRED_MACHINEGAMES,,,MachineGames,,,,,,,,,,,,,,,,,,,,,,,,,,
WF_CRED_GTINTERACTIVE,,,GT Interactive Software,,,,,,,,,,,,,,,,,,,,,,,,,,
WF_CRED_BETHESDA,,,Bethesda Softworks,,,,,,,,,,,,,,,,,,,,,,,,,,
WF_CRED_JOHN_CARMACK,id Software,,John Carmack,,,,,,,,,,,,,,,,,,,,,Джон Кармак,,,,,
WF_CRED_ABRASH,,,Mike Abrash,,,,,,,,,,,,,,,,,,,,,Майк Абраш,,,,,
WF_CRED_TAYLOR,,,Dave Taylor,,,,,,,,,,,,,,,,,,,,,Дэйв Тейлор,,,,,
WF_CRED_ADRIAN_CARMACK,,,Adrian Carmack,,,,,,,,,,,,,,,,,,,,,Адриан Кармак,,,,,
WF_CRED_CLOUD,,,Kevin Cloud,,,,,,,,,,,,,,,,,,,,,Кевин Клауд,,,,,
WF_CRED_WILBUR,,,Jay Wilbur,,,,,,,,,,,,,,,,,,,,,Джей Уилбур,,,,,
WF_CRED_RADEK,,,Paul Radek,,,,,,,,,,,,,,,,,,,,,Пол Радек,,,,,
WF_CRED_PRINCE,,,Robert Prince,,,,,,,,,,,,,,,,,,,,,Роберт Принс,,,,,
WF_CRED_HALL,,,Tom Hall,,,,,,,,,,,,,,,,,,,,,Том Холл,,,,,
WF_CRED_CHASAR,,,Theresa Chasar,,,,,,,,,,,,,,,,,,,,,Тереза Часар,,,,,
WF_CRED_PUNCHATZ,,,Gregor Punchatz,,,,,,,,,,,,,,,,,,,,,Грегор Пунчац,,,,,
WF_CRED_CALVIN,xbox,,David Calvin,,,,,,,,,,,,,,,,,,,,,Дэвид Кэлвин,,,,,
WF_CRED_BLANSHINE,,,David Blanshine,,,,,,,,,,,,,,,,,,,,,Дэвид Бланшайн,,,,,
WF_CRED_KIDBY,Team TNT,,Brian Kidby,,,,,,,,,,,,,,,,,,,,,Брайан Кидби,,,,,
WF_CRED_SNELL,,,Mark Snell,,,,,,,,,,,,,,,,,,,,,Марк Снелл,,,,,
WF_CRED_ELBIZRI,,,Jonathan El-Bizri,,,,,,,,,,,,,,,,,,,,,Джонатан Эль-Бизри,,,,,
WF_CRED_MARTEL,,,Josh Martel,,,,,,,,,,,,,,,,,,,,,Джош Мартел,,,,,
WF_CRED_LA_SIEBEN,,,L.A. Sieben,,,,,,,,,,,,,,,,,,,,,Л. А. Зибен,,,,,
WF_CRED_BOB_MUSTAINE,,,Bob Mustaine,,,,,,,,,,,,,,,,,,,,,Боб Мастейн,,,,,
WF_CRED_BUCKETHEAD,Sigil,,Buckethead,,,,,,,,,,,,,,,,,,,,,,,,,,
WF_CRED_PADDOCK,,,James Paddock,,,,,,,,,,,,,,,,,,,,,Джеймс Пэддок,,,,,
WF_CRED_LOVELL,,,Christopher Lovell,,,,,,,,,,,,,,,,,,,,,Кристофер Ловелл,,,,,
WF_CRED_KLIMES,,,Boris Klimeš,,,,,,,,,,,,,,,,,,,,,Борис Климеш,,,,,
WF_CRED_BAUMGARDNER,,,Kurt Baumgardner,,,,,,,,,,,,,,,,,,,,,Курт Баумгарднер,,,,,
WF_CRED_THORR,,,THORR,,,,,,,,,,,,,,,,,,,,,,,,,,
WF_CRED_FLAMBEAU,,,FLAMBEAU,,,,,,,,,,,,,,,,,,,,,,,,,,
WF_CRED_UBERGWEI,,,UberGewei,,,,,,,,,,,,,,,,,,,,,,,,,,
WF_CRED_KEYBOARD_DOOMER,,,KEYBOARD_DOOMER,,,,,,,,,,,,,,,,,,,,,,,,,,
WF_CRED_DEW,,,dew,,,,,,,,,,,,,,,,,,,,,,,,,,
WF_CRED_AF_DOMAINS,,,AF-Domains,,,,,,,,,,,,,,,,,,,,,,,,,,
WF_CRED_TROPIANO,Legacy of Rust,,Matt Tropiano,,,,,,,,,,,,,,,,,,,,,Мэтт Тропиано,,,,,
WF_CRED_BOUVE,,,Andrew 'saar' Bouvé,,,,,,,,,,,,,,,,,,,,,Эндрю «saar» Буве,,,,,
WF_CRED_BOYLE,,,Joshua 'tokyopunchout' Boyle,,,,,,,,,,,,,,,,,,,,,Джошуа «tokyopunchout» Бойл,,,,,
WF_CRED_POLJO,,,Jonatan Pöljö,,,,,,,,,,,,,,,,,,,,,Джонатан Пёльё,,,,,
WF_CRED_CANN,,,Dakota Cann,,,,,,,,,,,,,,,,,,,,,Дакота Канн,,,,,
WF_CRED_HODGSON,,,Chris Hodgson,,,,,,,,,,,,,,,,,,,,,Крис Ходжсон,,,,,
WF_CRED_BERRONES,,,Roger Berrones,,,,,,,,,,,,,,,,,,,,,Роджер Берронес,,,,,
WF_CRED_MOSSHOLDER,,,Chad Mossholder,,,,,,,,,,,,,,,,,,,,,Чад Моссхолдер,,,,,
WF_CRED_HULSHULT,,,Andrew Hulshult,,,,,,,,,,,,,,,,,,,,,Эндрю Хулшулт,,,,,
WF_CRED_OWLET,WadFusion,,Owlet VII,,,,,,,,,,,,,,,,,,,,,,,,,,
WF_CRED_BROWN,,,jdbrown,,,,,,,,,,,,,,,,,,,,,Джей-Ди Браун,,,,,
WF_CRED_LEBRETON,,,JP LeBreton,,,,,,,,,,,,,,,,,,,,,Джей-Пи ЛеБретон,,,,,
WF_CRED_JOHANSSON,,,Fredrik Johansson,,,,,,,,,,,,,,,,,,,,,Фредрик Йоханссон,,,,,
WF_CRED_ACKER,,,Devin Acker,,,,,,,,,,,,,,,,,,,,,Девин Акер,,,,,
WF_CRED_MUHANDES,,,Nash Muhandes,,,,,,,,,,,,,,,,,,,,,Нэш Мухандес,,,,,
WF_CRED_SHOCKWAVE,,,Shockwave_S08,,,,,,,,,,,,,,,,,,,,,,,,,,
WF_CRED_DOMYOJI81,,,domyoji81,,,,,,,,,,,,,,,,,,,,,,,,,,
,map author names,,,,,,,,,,,,,,,,,,,,,,,,,,,,
WF_AU_ROMERO,doom1/2,,John Romero,,,,,,,,,,,,,,,,,,,,,Джон Ромеро,,,,,
WF_AU_ROMERO_HALL,,,John Romero & Tom Hall,,,,,,,,,,,,,,,,,John Romero i Tom Hall,,,,Джон Ромеро и Том Холл,,,,,
WF_AU_PETERSEN_HALL,,,Sandy Petersen & Tom Hall,,,,,,,,,,,,,,,,,Sandy Petersen i Tom Hall,,,,Сэнди Питерсен и Том Холл,,,,,
WF_AU_PETERSEN,,,Sandy Petersen,,,,,,,,,,,,,,,,,,,,,Сэнди Питерсен,,,,,
WF_AU_MCGEE,,,American McGee,,,,,,,,,,,,,,,,,,,,,Американ Макги,,,,,
WF_AU_GREEN,,,Shawn Green,,,,,,,,,,,,,,,,,,,,,Шон Грин,,,,,
WF_AU_WILLITS_CHASAR,,,Tim Willits & Theresa Chasar,,,,,,,,,,,,,,,,,Tim Willits i Theresa Chasar,,,,Тим Уиллитс и Тереза Часар,,,,,
WF_AU_ANDERSON,,,John Anderson,,,,,,,,,,,,,,,,,,,,,Джон Андерсон,,,,,
WF_AU_WILLITS,,,Tim Willits,,,,,,,,,,,,,,,,,,,,,Тим Уиллитс,,,,,
WF_AU_MCGEE_PETERSEN,,,American McGee & Sandy Petersen,,,,,,,,,,,,,,,,,American McGee i Sandy Petersen,,,,Американ Макги и Сэнди Питерсен,,,,,
WF_AU_KLIE,master levels,,Christen Klie,,,,,,,,,,,,,,,,,,,,,Кристен Кли,,,,,
WF_AU_MUSTAINES,,,Tom & Bob Mustaine,,,,,,,,,,,,,,,,,Tom i Bob Mustaine,,,,Том и Боб Мастейн,,,,,
WF_AU_FLYNN,,,Jim Flynn,,,,,,,,,,,,,,,,,,,,,Джим Флинн,,,,,
WF_AU_KVERNMO,,,Sverre André Kvernmo,,,,,,,,,,,,,,,,,,,,,Сверре Андре Квернмо,,,,,
WF_AU_KVERNMO_HYNE,,,Sverre André Kvernmo & Gregory Lee Hyne,,,,,,,,,,,,,,,,,Sverre André Kverno i Gregory Lee Hyne,,,,Сверре Андре Квернмо и Грегори Ли Хайн,,,,,
WF_AU_MEAKIM,nerve,,Russell Meakim,,,,,,,,,,,,,,,,,,,,,Рассел Миким,,,,,
WF_AU_IWAKURA,,,Arya Iwakura,,,,,,,,,,,,,,,,,,,,,Арья Ивакура,,,,,
WF_AU_WAKELIN,tnt + plutonia,,John Wakelin,,,,,,,,,,,,,,,,,,,,,Джон Уэйклин,,,,,
WF_AU_PATENALL_MINADEO,,,Robin Patenall & John Minadeo,,,,,,,,,,,,,,,,,Robin Patenall i John Minadeo,,,,Робин Патеналл и Джон Минадео,,,,,
WF_AU_HALDERMAN,,,Ty Halderman,,,,,,,,,,,,,,,,,,,,,Тай Халдерман,,,,,
WF_AU_DETHLEFSEN,,,Jim Dethlefsen,,,,,,,,,,,,,,,,,,,,,Джим Детлефсен,,,,,
WF_AU_SIEBEN_HALDERMAN,,,Jimmy Sieben & Ty Halderman,,,,,,,,,,,,,,,,,Jimmy Sieben i Ty Halderman,,,,Джимми Сибен и Тай Халдерман,,,,,
WF_AU_DOWSWELL,,,Andrew Dowswell,,,,,,,,,,,,,,,,,,,,,Эндрю Даусвелл,,,,,
WF_AU_MINADEO,,,John Minadeo,,,,,,,,,,,,,,,,,,,,,Джон Минадео,,,,,
WF_AU_JOHNSON,,,Dean Johnson,,,,,,,,,,,,,,,,,,,,,Дин Джонсон,,,,,
WF_AU_LOWELL,,,Jim Lowell,,,,,,,,,,,,,,,,,,,,,Джим Лоуэлл,,,,,
WF_AU_KIDBY_HALDERMAN,,,Brian Kidby & Ty Halderman,,,,,,,,,,,,,,,,,Brian Kidby i Ty Halderman,,,,Брайан Кидби и Тай Халдерман,,,,,
WF_AU_PATENALL,,,Robin Patenall,,,,,,,,,,,,,,,,,,,,,Робин Патеналл,,,,,
WF_AU_WHITAKER,,,William D. Whitaker,,,,,,,,,,,,,,,,,,,,,Уильям Д. Уитакер,,,,,
WF_AU_ARSENAULT,,,Andre Arsenault,,,,,,,,,,,,,,,,,,,,,Андре Арсено,,,,,
WF_AU_CASALI_HALDERMAN,,,Dario Casali & Ty Halderman,,,,,,,,,,,,,,,,,Dario Casali i Ty Halderman,,,,Дарио Казали и Тай Халдерман,,,,,
WF_AU_OBRIEN,,,Drake O'Brien,,,,,,,,,,,,,,,,,,,,,Дрейк О'Брайен,,,,,
WF_AU_BUTEAU,,,Christopher Buteau,,,,,,,,,,,,,,,,,,,,,Кристофер Бюто,,,,,
WF_AU_TURNBULL,,,Paul Turnbull,,,,,,,,,,,,,,,,,,,,,Пол Тернбулл,,,,,
WF_AU_HILL,,,David J. Hill,,,,,,,,,,,,,,,,,,,,,Дэвид Дж. Хилл,,,,,
WF_AU_SNELL_LOWELL,,,Mark Snell & Jim Lowell,,,,,,,,,,,,,,,,,Mark Snell i Jim Lowell,,,,Марк Снелл и Джим Лоуэлл,,,,,
WF_AU_MILO_CASALI,,,Milo Casali,,,,,,,,,,,,,,,,,,,,,Майло Казали,,,,,
WF_AU_SIEBEN,,,Jimmy Sieben,,,,,,,,,,,,,,,,,,,,,Джимми Сибен,,,,,
WF_AU_DARIO_CASALI,,,Dario Casali,,,,,,,,,,,,,,,,,,,,,Дарио Казали,,,,,
WF_AU_CASALIS,,,Dario & Milo Casali,,,,,,,,,,,,,,,,,Dario i Milo Casali,,,,Дарио и Майло Казали,,,,,
WF_AU_MUSTAINE,,,Tom Mustaine,,,,,,,,,,,,,,,,,,,,,Том Мастейн,,,,,
WF_AU_CALVIN_BLANSHINE,xbox secret levels,,David Calvin & David Blanshine,,,,,,,,,,,,,,,,,David Calvin i David Blanshine,,,,Дэвид Кэлвин и Дэвид Блэншайн,,,,,
WF_AU_BUKOWSKI,,,Michael Bukowski,,,,,,,,,,,,,,,,,,,,,Майкл Буковски,,,,,
WF_AU_VILLARREAL,id1,,Samuel Villarreal,,,,,,,,,,,,,,,,,,,,,Самуэль Вильярреал,,,,,
WF_AU_XASER,,,Xaser Acheron,,,,,,,,,,,,,,,,,,,,,Хасер Ахерон,,,,,
WF_AU_CARTER,,,Thomas Carter,,,,,,,,,,,,,,,,,,,,,Томас Картер,,,,,
WF_AU_WATSON_XASER,,,Ethan Watson & Xaser Acheron,,,,,,,,,,,,,,,,,Ethan Watson i Xaser Acheron,,,,Итан Уотсон и Хасер Ахерон,,,,,
WF_AU_WATSON,,,Ethan Watson,,,,,,,,,,,,,,,,,,,,,Итан Уотсон,,,,,
WF_AU_DUNLOP,,,Kevin Dunlop,,,,,,,,,,,,,,,,,,,,,Кевин Данлоп,,,,,
WF_AU_ID1TEST,,,""nobody, this map just appeared out of thin air like a damn ghost"",,,,,,,,,,,,,,,,,""nikt, ta mapa zjawiła się znikąd jak jakiś cholerny duch"",,,,""никто, эта карта просто появилась из ниоткуда, как чертов призрак"",,,,,
WF_AU_VICKERS,iddm1,,Ralph 'Ralphis' Vickers,,,,,,,,,,,,,,,,,,,,,Ральф «Ralphis» Викерс,,,,,
WF_AU_CIRIACO,,,Luca Ciriaco,,,,,,,,,,,,,,,,,,,,,Лука Сириако,,,,,
WF_AU_BOUVE_BOYLE,,,Andrew 'saar' Bouvé & Joshua 'tokyopunchout' Boyle,,,,,,,,,,,,,,,,,Andrew 'saar' Bouvé i Joshua 'tokyopunchout' Boyle,,,,Эндрю «saar» Буве и Джошуа «tokyopunchout» Бойл,,,,,
WF_AU_ARMACANQUI,,,Luis 'DX-Chain' Armacanqui,,,,,,,,,,,,,,,,,,,,,Луис «DX-Chain» Армаканки,,,,,
WF_AU_CIBULAS,,,Matthew 'RottKing' Cibulas,,,,,,,,,,,,,,,,,,,,,Мэтью «RottKing» Сибулас,,,,,
WF_AU_MURCHISON,,,Colton 'Arrowhead' Murchison,,,,,,,,,,,,,,,,,,,,,Колтон «Arrowhead» Мёрчисон,,,,,
WF_AU_MAYFIELD,,,Lexi Mayfield,,,,,,,,,,,,,,,,,,,,,Лекси Мэйфилд,,,,,
WF_AU_MCGEE_MAYFIELD,,,American McGee & Lexi Mayfield,,,,,,,,,,,,,,,,,American McGee i Lexi Mayfield,,,,Американ Макги и Лекси Мэйфилд,,,,,
WF_AU_PETERSEN_MAYFIELD,,,Sandy Petersen & Lexi Mayfield,,,,,,,,,,,,,,,,,Sandy Petersen i Lexi Mayfield,,,,Сэнди Питерсен и Лекси Мэйфилд,,,,,
,master levels names,,,,,,,,,,,,,,,,,,,,,,,,,,,,
ML_ATTACK,,,Attack,,,,,,,,,,,,,,,,,Atak,,,,Атака,,,,,
ML_CANYON,,,Canyon,,,,,,,,,,,,,,,,,Kanion,,,,Каньон,,,,,
ML_CATWALK,,,The Catwalk,,,,,,,,,,,,,,,,,Pomost,,,,Подиум,,,,,
ML_COMBINE,,,The Combine,,,,,,,,,,,,,,,,,Kombinat,,,,Комбайн,,,,,
ML_FISTULA,,,The Fistula,,,,,,,,,,,,,,,,,Przetoka,,,,Фистула,,,,,
ML_GARRISON,,,The Garrison,,,,,,,,,,,,,,,,,Garnizon,,,,Гарнизон,,,,,
ML_MANOR,,,Titan Manor,,,,,,,,,,,,,,,,,Rezydencja Tytana,,,,Поместье на Титане,,,,,
ML_PARADOX,,,Paradox,,,,,,,,,,,,,,,,,Paradoks,,,,Парадокс,,,,,
ML_SUBSPACE,,,Subspace,,,,,,,,,,,,,,,,,Podprzestrzeń,,,,Подпространство,,,,,
ML_SUBTERRA,,,Subterra,,,,,,,,,,,,,,,,,Podziemia,,,,Субтерра,,,,,
ML_TTRAP,,,Trapped on Titan,,,,,,,,,,,,,,,,,Uwięziony na Tytanie,,,,Застрявший на Титане,,,,,
ML_VIRGIL,,,Virgil's Lead,,,,,,,,,,,,,,,,,Droga Wergiliusza,,,,Путь Вергилия,,,,,
ML_MINOS,,,Minos' Judgement,,,,,,,,,,,,,,,,,Wyrok Minosa,,,,Суждение Миноса,,,,,
ML_BLOODSEA,,,Bloodsea Keep,,,,,,,,,,,,,,,,,Twierdza Krwawego Morza,,,,Крепость Кровавого Моря,,,,,
ML_MEPHISTO,,,Mephisto's Mausoleum,,,,,,,,,,,,,,,,,Mauzoleum Mefisto,,,,Мавзолей Мефисто,,,,,
ML_NESSUS,,,Nessus,,,,,,,,,,,,,,,,,Dejanira,,,,Несс,,,,,
ML_GERYON,,,Geryon,,,,,,,,,,,,,,,,,Gerion,,,,Герион,,,,,
ML_VESPERAS,,,Vesperas,,,,,,,,,,,,,,,,,,,,,Весперас,,,,,
ML_BLACKTWR,,,Black Tower,,,,,,,,,,,,,,,,,Czarna wieża,,,,Черная Башня,,,,,
ML_TEETH,,,The Express Elevator To Hell,,,,,,,,,,,,,,,,,Ekspresowa winda do Piekła,,,,Экспресс-лифт в Ад,,,,,
ML_TEETH_SECRET,,,Bad Dream,,,,,,,,,,,,,,,,,Zły sen,,,,Плохой сон,,,,,
,master levels rejects names,,,,,,,,,,,,,,,,,,,,,,,,,,,,
ML_DEVICE1,,,Device One,,,,,,,,,,,,,,,,,Urządzenie pierwsze,,,,Устройство номер один,,,,,
ML_CPU,,,The C.P.U.,,,,,,,,,,,,,,,,,C. P. U.,,,,ЦПУ,,,,,
ML_DMZ,,,The D.M.Z.,,,,,,,,,,,,,,,,,D. M. Z.,,,,ДМЗ,,,,,
ML_EINSIDE,,,The Enemy Inside,,,,,,,,,,,,,,,,,Wróg wewnątrz,,,,Враг внутри,,,,,
ML_FURY,,,The Fury,,,,,,,,,,,,,,,,,Furia,,,,Ярость,,,,,
ML_HIVE,,,The Hive,,,,,,,,,,,,,,,,,Zgromadzenie,,,,Улей,,,,,
ML_TWM01,,,Doom2 Map14 Homage,,,,,,,,,,,,,,,,,Hołd mapie 14 Doom2,,,,Оммаж Doom2 Уровень №14,,,,,
ML_MINES,,,Mines of Titan,,,,,,,,,,,,,,,,,Kopalnie Tytana,,,,Шахты Титана,,,,,
ML_ANOMALY,,,The Titan Anomaly,,,,,,,,,,,,,,,,,Anomalia Tytana,,,,Аномалия Титана,,,,,
ML_FARSIDE,,,The Farside of Titan,,,,,,,,,,,,,,,,,Niewidoczna strona Tytana,,,,Дальняя сторона Титана,,,,,
ML_TROUBLE,,,Trouble on Titan,,,,,,,,,,,,,,,,,Kłopoty na Tytanie,,,,Беда на Титане,,,,,
ML_FLOOD,,,Bloodflood,,,,,,,,,,,,,,,,,Krwotok,,,,Кроводнение,,,,,
ML_DERELICT,,,Derelict Station,,,,,,,,,,,,,,,,,Opuszczona stacja,,,,Заброшенная станция,,,,,
ML_WATCHTWR,,,The Watchtower,,,,,,,,,,,,,,,,,Strażnica,,,,Сторожевая башня,,,,,
ML_TODEATH,,,Temple of Death,,,,,,,,,,,,,,,,,Świątynia Śmierci,,,,Храм Смерти,,,,,
"ML_ARENA,,,We who are About to Die,,,,,,,,,,,,,,,,,""My, którzy zaraz umrzemy"",,,,""Мы, которые скоро умрут"",,,,,"
ML_STORM,,,Eye of the Storm,,,,,,,,,,,,,,,,,Oko burzy,,,,Глаз бури,,,,,
ML_THE_EVIL,,,The Image of Evil,,,,,,,,,,,,,,,,,Obraz zła,,,,Образ зла,,,,,
ML_DANTE,,,Dante's Gate,,,,,,,,,,,,,,,,,Brama Dantego,,,,Врата Данте,,,,,
ML_ACHRON,,,Crossing Acheron,,,,,,,,,,,,,,,,,Przejście Archeon,,,,Пересечение Ахерона,,,,,
ML_CHIRON,,,Chiron,,,,,,,,,,,,,,,,,,,,,Хирон,,,,,
ML_LETHE,,,Waters of Lethe,,,,,,,,,,,,,,,,,Wody Lete,,,,Воды Леты,,,,,
,nerve level names (sans level #),,,,,,,,,,,,,,,,,,,,,,,,,,,,
NHUSTR_1,,,The Earth Base,,Pozemská základna,Jordbasen,Die Erd-Basis,,La Tera Bazo,La Base Terrestre,,Maatukikohta,La Base Terrienne,A földi bázis,La Base Terrestre,地球基地,지구 기지,De basis van de aarde,Jordbasen,Ziemska Baza,A Base Terrestre,,Baza terestră,База на Земле,Земаљска база,Jordbasen,Dünya Üssü,,
NHUSTR_2,,,The Pain Labs,,Laboratoře bolesti,Smerte laboratorier,Die Folterlabore,,La Doloro-Laboratorio,Los Laboratorios del Dolor,,Tuskalaboratoriot,Les Laboratoires de la Douleur,A kínok laboratóriuma,I Laboratori del Dolore,生物工学実験室,고통의 연구소,De pijnlaboratoria,Smertelaboratoriet,Laboratoria Bólu,Os Laboratórios da Dor,,Laboratoarele durerii,Лаборатории боли,Лабораторије патње,Smärtlaboratorierna,Ağrı Laboratuvarları,,
NHUSTR_3,,,Canyon of the Dead,,Kaňon mrtvých,De dødes kløft,Schlucht der Toten,,Kanjono de La Mortintoj,Cañón de los Muertos,,Kalmankanjoni,Canyon des Morts,A holtak szurdoka,Il Canyon dei Morti,死の渓谷,죽음의 계곡,Canyon van de doden,De dødes kløft,Kanion Umarłych,Desfiladeiro dos Mortos,,Canionul morților,Каньон мертвецов,Кањон мртваца,De dödas kanjon,Ölüler Kanyonu,,
NHUSTR_4,,,Hell Mountain,,Pekelná hora,Helvede bjerg,Höllenberg,,Monto de Infero,Montaña Infernal,,Hornanvuori,Montagne Infernale,Pokol-hegy,Montagna Infernale,地獄山脈,지옥의 산,Helleberg,Helvetesfjellet,Piekielna Góra,Montanha Infernal,,Muntele infernal,Адская гора,Планина пакла,Helvetesberget,Cehennem Dağı,,
NHUSTR_5,,,Vivisection,,Vivisekce,Vivisektion,Vivisektion,,Vivisekcio,Vivisección,,Vivisektio,Vivisection,Élveboncolás,Vivisezione,生体解剖,생체 해부,Vivisectie,Viviseksjon,Wiwisekcja,Vivissecção,,Vivisecție,Вивисекция,Вивисекција,Vivisektion,Canlı Kesim,,
NHUSTR_6,,,Inferno of Blood,,Krvavé inferno,Blodets inferno,Blutiges Inferno,,Brulego de Sango,Hoguera de Sangre,,Veri-inferno,Enfer Sanglant,Véres alvilág,Inferno di Sangue,血のインフェルノ,연옥의 피,Bloederige inferno,Blodets inferno,Piekło Krwi,Inferno de Sangue,,Infern sângeriu,Кровавая преисподняя,Ватре крви,Blodets inferno,Kan Cehennemi,,
NHUSTR_7,,,Baron's Banquet,,Baronova hostina,Baron's Banquet,Das Bankett des Barons,,Festeno de Barono,Banquete del Barón,,Paronin pidot,Banquet du Baron,A báró bankettje,Il Banchetto del Barone,バロンの晩餐,남작의 연회,Baron's banket,Baronens bankett,Bankiet Barona,Banquete do Barão,,Banchetul baronilor,Банкет у барона,Баронова Гозба,Baronens bankett,Baron'un Ziyafeti,,
NHUSTR_8,,,Tomb of Malevolence,,Hrobka zlovolnosti,Ondskabens grav,Feindselige Gruft,,Tombo de Malbonvolo,Tumba de Malevolencia,,Pahantahdon hauta,Tombe Maléfique,A Gátlástalanság sírja,Tomba della Malevolenza,悪意の墓,증오의 무덤,Graf van kwaadwilligheid,Ondskapens grav,Grobowiec Zła,Tumba da Malevolência,Túmulo da Malevolência,Mormântul răutății,Гробница злобы,Гроб злобе,Ondskans grav,Kötülük Mezarı,,
NHUSTR_9,,,March of the Demons,,Pochod démonů,Dæmonernes march,Marsch der Dämonen,,Marŝo de La Demonoj,Marcha de los Demonios,,Demonien marssi,Marche des Démons,A démonok parádéja,La Marcia dei Demoni,デーモンの行進,악마들의 행진,Maart van de demonen,Demonenes marsj,Marsz Demonów,Marcha dos Demônios,,Marșul demonilor,Шествие демонов,Марш демона,Demonernas marsch,Şeytanların Yürüyüşü,,
,tnt level names (sans level #),,,,,,,,,,,,,,,,,,,,,,,,,,,,
THUSTR_1,,,System Control,,Administrace,Systemkontrol,Systemkontrolle,,Sistema Kontrolo,Control del Sistema,,Järjestelmäohjaamo,Système de Contrôle,Rendszervezérlő,Controllo del Sistema,制御システム,시스템 제어시설,Systeemcontrole,Systemkontroll,Kontrola Systemu,Controle do Sistema,Controlo de Sistema,Control sisteme,Центр управления системой,Контролна система,Systemkontroll,Sistem Kontrolü,,
THUSTR_2,,,Human BBQ,,Člověčí grilovačka,Menneskelig grill,Menschliches Barbecue,,Homo-Kradrostado,Barbacoa Humana,,Ihmisgrilli,Barbecue Humain,Emberi grill,Barbecue Umano,人肉晩餐会,인간 바비큐,Menselijke BBQ,Menneskelig BBQ,Ludzki Grill,Churrasco Humano,,Oameni la grătar,Барбекю из человечины,Људски роштиљ,Människogrill,İnsan Barbekü,,
THUSTR_3,,,Power Control,,Napájecí vedení,Kontrol med magten,Energiekontrolle,,Energia Kontrolo,Control de Energía,,Voimalan ohjaamo,Contrôle Energétique,Energiavezérlő,Centrale Energetica,制御室,전력 통제소,Machtscontrole,Kraftkontroll,Kontrola Zasilania,Controle de Energia,,Uzina,Центр управления питанием,Контролна моћ,Maktkontroll,Güç Kontrolü,,
THUSTR_4,,,Wormhole,,Červí díra,Ormehul,Wurmloch,,Vermtruo,Agujero de Gusano,,Madonreikä,Trou de Ver,Féreglyuk,Wormhole,虫喰い穴,웜홀,Wormgat,Ormehull,Tunel,Buraco de Minhoca,,Gaura de vierme,Червоточина,Црвоточина,Maskhål,Solucan Deliği,,
THUSTR_5,,,Hanger,,Hangár,,Hangar,,Pendigejo,Colgador,,Lentoalushalli,Hengar,Horog,Hanga,格納庫,격납고,Hangar,,Hangar,Hangar,,Hangar,Ангар,Вешалица,Hängare,Askı,,
THUSTR_6,,,Open Season,,Lovecká sezóna,Åben sæson,Jagdsaison,,Ĉasosezono,Temporada Abierta,,Avoin sesonki,La Chasse Est Ouverte,Vadászszezon,Stagione Aperta,狩猟解禁,사냥철,Open seizoen,Åpen sesong,Otwarty Sezon,Temporada Aberta,Época Aberta,Sezon deschis,Сезон охоты,Отворена сезона,Öppen säsong,Açık Sezon,,
THUSTR_7,,,Prison,,Vězení,Fængsel,Gefängnis,,Malliberejo,Prisión,,Vankila,Prison,Börtön,Prigione,監獄,감옥,Gevangenis,Fengsel,Więzienie,Prisão,,Închisoare,Тюрьма,Затвор,Fängelse,Hapishane,,
THUSTR_8,,,Metal,,Kov,,Metall,,Metalo,,,Metalli,Métal,Fém,Metallo,メタル,강철,Metaal,Metall,,,,,Металл,Метал,Metall,,,
THUSTR_9,,,Stronghold,,Pevnost,Borgen,Festung,,Fuorto,Fortaleza,,Linnake,Forteresse,Erőd,Fortezza,牙城,요새,Vesting,Festning,Warownia,Fortaleza,,Bastion,Твердыня,Упориште,Fästning,Kale,,
THUSTR_10,,,Redemption,,Vykoupení,Forløsning,Erlösung,,Elaĉeto,Redención,,Lunastus,Rédemption,Megváltás,Redenzione,償還,구원,Aflossing,Innløsning,Odkupienie,Redenção,,Răscumpărare,Искупление,Искупљење,Inlösen,Kefaret,,
THUSTR_11,,,Storage Facility,,Skladiště,Opbevaringsanlæg,Lagerstätte,,Stokejo,Complejo de Almacenes,Almacenes,Varastolaitos,Complexe de Stockage,Raktárépület,Impianto di Stoccaggio,貯蔵施設,저장소,Opslagfaciliteit,Lagringsanlegg,Magazyn,Centro de Armazenamento,,Stația de depozitare,Склад,Складиште,Förvaringsanläggning,Depolama Tesisi,,
THUSTR_12,,,Crater,,Kráter,Krater,Krater,,Kratero,Cráter,,Kraateri,Cratère,Kráter,Cratere,火口,분화구,Krater,Krater,Krater,Cratera,,,Кратер,Кратер,Krater,Krater,,
THUSTR_13,,,Nukage Processing,,Jaderné zpracování,Nukageforarbejdning,Nuklearverarbeitung,,Nukleaĵo-Traktejo,Procesamiento de Residuos Nucleares,,Ydinjätekäsittely,Traitement Nucléaire,Atomhulladék-feldolgozó,Trattamento Nucleare,核廃棄物加工所,폐기물 처리소,Nucleaire verwerking,Nukage-prosessering,Przetwórstwo Jądrowe,Processamento Nuclear,,Prelucrarea deșeurilor nucleare,Переработка ядерных отходов,Прерада нуклеарног отпада,Kärnavfall Behandling,Nukage İşleme,,
THUSTR_14,,,Steel Works,,Ocelárna,Stålværk,Stahlwerk,,Ŝtalejo,Siderúrgica,Siderurgia,Terästehdas,Aciérie,Acélművek,Acciaieria,製鉄所,제강소,Staalfabrieken,Stålverk,Huta,Siderúrgica,,Oțelărie,Сталелитейный завод,Челичана,Stålverk,Çelik İşleri,,
THUSTR_15,,,Dead Zone,,Mrtvá zóna,Død zone,Tote Zone,,Senvivzono,Zona Muerta,,Kuollut alue,Zone Morte,A holtak zónája,Zona Morta,危険地帯,사각지대,Dode zone,Død sone,Martwa Strefa,Zona Morta,,Zona moartă,Мёртвая зона,Зона смрти,Dödszon,Ölü Bölge,,
THUSTR_16,,,Deepest Reaches,,Nejhlubší sluje,De dybeste afkroge,Tiefe,,Plejsubejo,Recodos profundos,,Syvyydet,Profondeurs,A legmélyebb pont,Profondità,最深部,깊숙한 강,Diepste reiken,De dypeste områdene,Głębiny,Profundezas,,În adâncuri,Глубочайшие достижения,Најдубља дубина,De djupaste hålen,En Derin Erişimler,,
THUSTR_17,,,Processing Area,,Kombinát,Forarbejdningsområde,Verarbeitungsbereich,,Traktadareo,Área de Procesamiento,,Käsittelyalue,Zone de Traitement,Feldolgozó,Area di Elaborazione,処理地帯,처리 구역,Verwerkingsgebied,Behandlingsområde,Strefa Przerobowa,Área de Processamento,,Aria de procesare,Зона обработки,Подручје обраде,Bearbetningsområde,İşleme Alanı,,
THUSTR_18,,,Mill,,Mlýn,Mølle,Mühle,,Muelejo,Molino,,Mylly,Fonderie,Malom,Fonderia,製粉所,제분소,Molen,Mølle,Młyn,Moinho,,Moara,Завод,Млин,Kvarn,Değirmen,,
THUSTR_19,,,Shipping/Respawning,,Přeprava,Forsendelsescenter,Versandlager,,Ekspedo/Revivado,Enviando/Reapareciendo,,Huolinta/Ylösnostatus,Envoi/Réapparition,Szállítás/újraéledés,Consegna/Respawn,出荷と再生成,운송/리스폰 장소,Verzendingscentrum,Frakt/omlasting,Wysyłka/Reprodukcja,Expedição/reaparecimento,,Livrare/reapariție,Погрузка и отправка,Отпремање/оживљавање,Skeppning,Nakliye Merkezi,,
THUSTR_20,,,Central Processing,,Centrální zpracování,Central forarbejdning,Zentralverarbeitung,,Centra Eskpedado,Procesamiento Central,,Käsittelykeskus,Organisme Central,Központi feldolgozó,Centrale di Elaborazione,中央処理所,중앙 처리소,Centrale verwerking,Sentral behandling,Centralny Proces,Processamento Central,,Prelucrare centrală,Центральный пункт обработки,Централна обрада,Centralt bearbetningsområde,Merkezi İşlem,,
THUSTR_21,,,Administration Center,,Administrativní centrum,Administrationscenter,Verwaltungszentrum,,Administracia Centro,Centro de Administración,,Keskushallinto,Centre Administratif,Adminisztrációs központ,Centro Amministrativo,行政センター,관리 센터,Administratief centrum,Administrasjonssenter,Centrum Administracyjne,Centro de Administração,,Centru administrativ,Административный центр,Административни центар,Administrationscenter,Yönetim Merkezi,,
THUSTR_22,,,Habitat,,,Levested,,,Habitato,Hábitat,,Asuinpaikka,,Élőhely,,生息地,서식지,,,Siedlisko,,,,Ареал,Станиште,Livsområde,,,
THUSTR_23,,,Lunar Mining Project,,Lunární těžební projekt,Projekt for månens minedrift,Mondbergbauprojekt,,Luna Mino-Projekto,Proyecto de Minería Lunar,,Kuukaivosprojekti,Projet Minier Lunaire,Holdbánya-projekt,Progetto Minerario Lunare,月面探鉱計画,월석 채광 계획,Maanmijnbouw project,Månegruveprosjekt,Projekt Księżycowe Górnictwo,Projeto de Mineração Lunar,Projeto de Escavação Lunar,Proiect minier satelitar,Лунный проект горной добычи,Пројекат лунарног рударства,Gruvprojekt på månen,Ay Madenciliği Projesi,,
THUSTR_24,,,Quarry,,Kamenolom,Stenbrud,Steinbruch,,Ŝtonejo,Cantera,,Louhos,Carrière,Kőbánya,Caccia,採石場,채석장,Steengroeve,Steinbrudd,Kamieniołom,Pedreira,,Carieră,Карьер,Каменолом,Stenbrott,Taş Ocağı,,
THUSTR_25,,,Baron's Den,,Baronovo doupě,Baronens hule,Der Bau des Barons,,Nestego de Barono,Guarida del Barón,,Paronin pesä,l'Antre des Barons,A báró odúja,Antro del Barone,バロンの巣窟,남작의 소굴,Het baron's gebouw,Baronens hule,Legowisko Barona,Covil do Barão,,Cuibul Baronului,Логово барона,Баронова јазбина,Baronens lya,Baron'un İni,,
THUSTR_26,,,Ballistyx,,Balistika,,,,Balistikso,Balístige,,Ballistyks,,Ballisztüx,Ballistige,バリステュクス,탄도스틱스,,,Balistyka,Ballistige,,,Баллистикс,Билистичкикс,,Balistyx,,
THUSTR_27,,,Mount Pain,,Hora bolesti,Smertefjellet,Berg des Schmerzes,,Monto de Doloro,Monte Dolor,,Tuskavuori,Mont Souffrance,A Gyötrelem Hegye,Monte del Dolore,苦しみの山,등신같은 등산,Pijn in de bergen,Smertefjellet,Góra Bólu,Monte Dor,,Muntele Durerii,Гора Боль,Планина боли,Smärta på berget,Acı Dağı,,
THUSTR_28,,,Heck,,Sakra,,Zum Teufel,,Diable,Diablos,,Hemmetti,Que Diable?,Rosseb,Al Diavolo,苛立ち,젠장함,,Helvete,Do Diabła,Capeta,Inferno,Naiba,Чертовщина,Пакао,,Cehennem,,
THUSTR_29,,,River Styx,,Řeka Styx,Floden Styx,Fluss Styx,,Rivero de Stikso,Río Estige,,Styksjoki,Fleuve Styx,A Sztüx folyó,Fiume Stige,三途の川,스틱스 강,Rivier Styx,Elven Styx,Styks,Rio Estige,,Râul Styx,Река Стикс,Река Стикс,Floden Styx,Styx Nehri,,
THUSTR_30,,,Last Call,,Poslední mise,Sidste opkald,Letzter Aufruf,,Fina Voko,Última Llamada,,Viimeinen koollehuuto,Dernier Appel,Utolsó esély,Ultima Chiamata,最終指令,최후의 호출,Laatste oproep,Siste innkalling,Ostatni Zew,Última Chamada,,Ultimul apel,Последний вызов,Последњи позив,Sista kallelsen,Son Çağrı,,
THUSTR_31,,,Pharaoh,,Faraón,Farao,Pharao,,Faraono,Faraón,,Faarao,Pharaon,Fáraó,Faraone,ファラオ,파라오,Farao,Farao,Faraon,Faraó,,Faraon,Фараон,Фараон,Farao,Firavun,,
THUSTR_32,,,Caribbean,,Karibik,Caribien,Karibik,,Karibio,Caribeño,,Karibia,Caraïbes,Karib-térség,Caraibi,カリビアン,카리브해,Caribisch,Karibia,Karaiby,Caribe,Caraíbas,Caraibe,Карибы,Кариби,Karibien,Karayipler,,
,plutonia level names (sans level #),,,,,,,,,,,,,,,,,,,,,,,,,,,,
PHUSTR_1,,,Congo,,Kongo,,Kongo,,Kongo,,,Kongo,,Kongó,,コンゴ川,콩고,Kongo,Kongo,Kongo,,,,Конго,Конго,Kongo,Kongo,,
PHUSTR_2,,,Well of Souls,,Studna duší,Sjælebrønden,Seelenbrunnen,,Puto de animoj,Pozo de almas,,Sielujen lähde,Puits des Ames,A lelkek kútja,Pozzo delle Anime,魂の井戸,영혼의 우물,Bron van zielen,Sjelenes brønn,Studnia Dusz,Poço das Almas,Poço de Almas,Fântâna sufletelor,Колодец душ,Бунар душа,Själarnas brunn,Ruhlar Kuyusu,,
PHUSTR_3,,,Aztec,,Azték,Azteker,Aztekisch,,Azteko,Azteca,,Asteekki,Aztèque,Azték,,アステカ,아즈텍,Azteken,Aztekisk,Aztek,Asteca,,,Ацтек,Астек,Azteker,Aztek,,
PHUSTR_4,,,Caged,,V kleci,Låst op,Eingesperrt,,Enkaĝigita,Enjaulado,,Häkissä,Enfermé,Ketrecbe zárva,Ingabbiato,檻の中,갇히다,Gekooid,Buret,W Klatce,Na Jaula,,Încarcerat,В клетке,Заробљен,Burad,Kafesli,,
PHUSTR_5,,,Ghost Town,,Město duchů,Spøgelsesby,Geisterstadt,,Fantoma urbeto,Pueblo Fantasma,,Aavekaupunki,Ville Fantôme,Szellemváros,Città Fantasma,ゴーストタウン,유령 도시,Spookstad,Spøkelsesbyen,Miasto Duchów,Cidade Fantasma,,Orașul fantomă,Город-призрак,Град духова,Spökstad,Hayalet Kasaba,,
PHUSTR_6,,,Baron's Lair,,Baronovo doupě,Baronens hule,Lager des Barons,,Kaŝejo de Barono,Guarida del Barón,,Paronin luola,Repaire du Baron,A báró rejteke,Tana del Barone,バロンの隠れ家,남작의 은신처,Baron's kamp,Baronens hule,Legowisko Barona,Covil do Barão,,Claustrul Baronului,Обитель барона,Баронова јазбина,Baronens lya,Baron'un İni,,
PHUSTR_7,,,Caughtyard,,Karcer,,Gehege,,Kaptkorto,Campo de Concentración,,Posenpiha,Pris de court,A foglyok udvara,Cortile Prigione,囚われの庭,포획마당,Omheining,Fangegården,Dziedziniec Więzienny,Campo de Concentração,,Capcana curții,Ловчий двор,Замчиште,Fångården,Caughtyard,,
PHUSTR_8,,,Realm,,Říše,Rige,Bereich,,Regno,Reino,,Valtapiiri,Royaume,Uradalom,Regno,領地,왕국,Rijk,Riket,Królestwo,Reino,,Tărâm,Царство,Царство,Riket,Diyar,,
PHUSTR_9,,,Abattoire,,Jatka,,Schlachthaus,,Buĉejo,Matadero,,Teurastamo,Abattoir,Vágóhíd,Mattatoio,屠殺場,도축장,Abattoir,Slakteriet,Rzeźnia,Matadouro,,Abator,Абатство,Кланица,Slakthus,,,
PHUSTR_10,,,Onslaught,,Nájezd,Stormløb,Angriff,,Buĉado,Arremetida,,Ryntäys,Assaut,Roham,Assalto,猛襲,맹공격,Aanval,Angrep,Szturm,Investida,,Năvala,Натиск,Јуриш,Angrepp,Saldırı,,
PHUSTR_11,,,Hunted,,Loven,Jaget,Gehetzt,,Ĉasata,Cazado,,Metsästetty,Traque,Űzött vad,Braccato,逃走,사냥당함,Gejaagd,Jaget,Nawiedzony,Perseguição,,Vânătoarea,Преследуемый,Уловљен,Jaktad,Avlanmış,,
PHUSTR_12,,,Speed,,Rychlost,Fart,Tempo,,Rapido,Velocidad,,Vauhti,Vitesse,Iram,Velocità,スピード,스피드,Haast,Hastighet,Pęd,Velocidade,,Viteză,Скорость,Брзина,Hastighet,Hız,,
PHUSTR_13,,,The Crypt,,Krypta,Krypten,Die Gruft,,La kripto,La cripta,,Krypta,La Crypte,A kripta,La Cripta,地下聖堂,봉안당,De crypte,Krypten,Krypta,A Cripta,,Cripta,Склеп,Гробница,Kryptan,Mahzen,,
PHUSTR_14,,,Genesis,,,,,,Genezo,Génesis,,Luominen,Genèse,Teremtés,Genesi,創世記,창세기,,,Geneza,Gênese,,Geneza,Зарождение,Постанак,,Yaratılış,,
PHUSTR_15,,,The Twilight,,Soumrak,Tusmørket,Zwielicht,,La krepusko,El ocaso,,Hämärä,Le Crépuscule,Alkonyat,Il Crepuscolo,黄昏,황혼,De schemering,Skumringen,Zmierzch,O Crepúsculo,,Amurgul,Сумерки,Сумрак,Skymningen,Alacakaranlık,,
PHUSTR_16,,,The Omen,,Znamení,Omenet,Das Omen,,La Aŭguro,El Presagio,,Enne,Le Présage,Az Ómen,Il Presagio,予兆,징조,De omen,Varselet,Omen,O Presságio,,Prevestirea,Предзнаменование,Знамење,Omen,Omen,,
PHUSTR_17,,,Compound,,Ústav,Forbindelsen,Anlage,,Konstruaĵaro,Complejo,,Laitos,Installation,Létesítmény,Recinto,調合,복합체,Faciliteit,Forbindelsen,Mieszanka,Complexo,,Complexul,Комплекс,Једињење,Förbandet,Bileşik,,
PHUSTR_18,,,Neurosphere,,Neurosféra,Neurosfæren,Neurosphäre,,Neŭrosfero,Neuroesfera,,Neurosfääri,Neurosphère,Neuroszféra,Neurosfera,ニューロスフィア,뉴로스피어,Neurosferen,Nevrosfæren,Neurosfera,Neurosfera,,Neurosferă,Нейросфера,Неуросфера,Neurosfären,Nörosfer,,
PHUSTR_19,,,NME,,Nepřítel,,,,Mal-BN,N-MIGO,,VHLLNN,NMI,LNSG,NMIC,野郎,NOM,,,WRG,N-MIGO,,INMIC,В.Р.А.Г.,Н.Е.П.Р.,FiND,,,
PHUSTR_20,,,The Death Domain,,Panství smrti,Dødsdomænet,Die Todeszone,,La morta regno,El Dominio Mortal,,Kuoleman piiri,Le Domaine de la Mort,A holtak birtoka,Il Dominio della Morte,死の領域,죽음의 영역,Het domein van de dood,Dødens domene,Domena Śmierci,O Domínio da Morte,,Domeniul morții,Владения смерти,Подручије смрти,Dödsdomänen,Ölüm Alanı,,
PHUSTR_21,,,Slayer,,Zabiják,Slagter,Töter,,Mortigisto,Descuatizador,,Tappaja,Pourfendeur,Halálosztó,Assassino,スレイヤー,슬레이어,Doder,Slakteren,Pogromca,Matador,,Ucigător,Истребитель,Убица,Jägare,Avcı,,
PHUSTR_22,,,Impossible Mission,,Nemožná mise,Umulig mission,Unmögliche Mission,,Neebla tasko,Misión imposible,,Mahdoton tehtävä,Mission Impossible,Lehetetlen küldetés,Missione Impossibile,不可能な任務,임파서블 미션,Onmogelijke missie,Umulig oppdrag,Niemożliwa Misja,Missão Impossível,,Misiune imposibilă,Невыполнимое задание,Немогућа мисија,Omöjligt uppdrag,İmkansız Görev,,
PHUSTR_23,,,Tombstone,,Náhrobek,Gravsten,Grabstein,,Tombŝtono,Lápida,,Hautakivi,Pierre Tombale,Sírkő,Pietra Tombale,墓石,묘비,Grafsteen,Gravstein,Nagrobek,Lápide,,Piatra de mormânt,Надгробие,Надгробни споменик,Gravsten,Mezar Taşı,,
PHUSTR_24,,,The Final Frontier,,Poslední hranice,Den endelige grænse,Die letzte Grenze,,La Fina Limo,La Frontera Final,La Última Frontera,Viimeinen rajamaa,La Frontière Finale,A végső határ,La Frontiera Finale,最後のフロンティア,최후의 개척지,De eindgrens,Den siste grensen,Ostateczna Granica,A Fronteira Final,,Ultima frontieră,Последний рубеж,Коначна граница,Den sista gränsen,Son Sınır,,
PHUSTR_25,,,The Temple of Darkness,,Chrám temna,Mørkets tempel,Der Tempel der Dunkelheit,,La Idolejo de Mallumo,El Templo de la Oscuridad,,Pimeyden temppeli,Le Temple des Ténèbres,A sötétség temploma,Il Tempio dell'Oscurità,暗黒の神殿,어둠의 신전,De tempel van de duisternis,Mørkets tempel,Świątynia Mroku,O Templo da Escuridão,,Templul tenebros,Храм тьмы,Храм таме,Mörkrets tempel,Karanlığın Tapınağı,,
PHUSTR_26,,,Bunker,,Bunkr,,,,Bunkro,Búnker,,Bunkkeri,,,,バンカー,방공호,,,Bunkier,Casamata,,Buncăr,Бункер,Бункер,,Sığınak,,
PHUSTR_27,,,Anti-Christ,,Antikrist,,Antichrist,,Antikristo,Anticristo,,Antikristus,Anti-Christ,Antikrisztus,Anticristo,アンチキリスト,적그리스도,Antichrist,Antikrist,Antychryst,Anticristo,,Antihrist,Антихрист,Антихрист,Antikrist,Mesih Karşıtı,,
PHUSTR_28,,,The Sewers,,Kanály,Kloakkerne,Kanäle,,La Kanalo,Las Alcantarillas,,Viemärit,Les Egouts,A kanális,Le Fogne,下水道,하수구,De rioleringen,Kloakken,Ścieki,Os Esgotos,,Canalizarea,Канализация,Канализација,Sjukhusen,Kanalizasyonlar,,
PHUSTR_29,,,Odyssey of Noises,,Odysea křiku,Lydenes odyssé,Odyssee der Geräusche,,Vojaĝo de Sonoj,Odisea de Ruidos,,Äänten harharetki,Odysée de Bruits,A moraj ösvénye,Odissea dei Rumori,オデッセイのノイズ,속삭임의 여정,Odyssee van geluiden,Lydenes odyssé,Odyseja Wrzawy,Odisséia de Ruidos,,Odiseea zgomotelor,Одиссея шумов,Одисеја шумова,Ljudets odyssé,Seslerin Odyssey'i,,
PHUSTR_30,,,The Gateway of Hell,,Brána pekla,Helvedes port,Tor zur Hölle,,La Pordego de Inferno,La Puerta del Infierno,,Helvetin porttikäytävä,La Porte des Enfers,Átjáró a pokolba,La Porta dell'Inferno,地獄の関門,지옥의 차원문,De poort van de hel,Porten til helvete,Brama Piekieł,O Portão do Inferno,,Poarta spre infern,Врата ада,Пролаз пакла,Helvetets port,Cehennem Kapısı,,
PHUSTR_31,,,Cyberden,,Kyberdoupě,,Cyberbau,,Cibernesto,Ciber-guarida,,Kyberpesä,Cyber-Antre,Kiberodú,Cybergabbia,サイバーの巣,사이버소굴,,,Cybernora,Ciberantro,,Cibervizuină,Киберлогово,Сајбер-јазбина,,Siber'in ini,,
PHUSTR_32,,,Go 2 It,,Jdi do toho,,,,Iru al ĝi!,Ve a x ello,Ve x eso,Iske kii,,Menj oda!,Dacci Dentro,逝ってこい,함 해 봐,Ga ervoor,,Do Dzieła,Vai Fundo,Siga em Frente,Du-te la ei,П0лный вп3рёд,Иди ка њему,Gå till det,Devam Et,,
,blackroom warmup level names,,,,,,,,,,,,,,,,,,,,,,,,,,,,
HUSTR_E1M4B,,,Phobos Mission Control,,,,,,,,,,,,,,,,,Centrum Kontroli Fobosa,,,,Центр управления Фобоса,,,,,
HUSTR_E1M8B,,,Tech Gone Bad,,,,,,,,,,,,,,,,,Popsuta technologia,,,,Испортившаяся технология,,,,,
,sigil level names (sans level #),,,,,,,,,,,,,,,,,,,,,,,,,,,,
HUSTR_E5M1,,,Baphomet's Demesne,,,,,,,,,,,,,,,,,Terytorium Bafometa,,,,Владение Бафомета,,,,,
HUSTR_E5M2,,,Sheol,,,,,,,,,,,,,,,,,Szeol,,,,Шеол,,,,,
HUSTR_E5M3,,,Cages of the Damned,,,,,,,,,,,,,,,,,Klatki potępionych,,,,Клетки проклятых,,,,,
HUSTR_E5M4,,,Paths of Wretchedness,,,,,,,,,,,,,,,,,Ścieżki niedoli,,,,Пути убожества,,,,,
HUSTR_E5M5,,,Abaddon's Void,,,,,,,,,,,,,,,,,Pustka Abaddonu,,,,Пустота Абаддона,,,,,
HUSTR_E5M6,,,Unspeakable Persecution,,,,,,,,,,,,,,,,,Przeraźliwy ucisk,,,,Ужасающее угнетение,,,,,
HUSTR_E5M7,,,Nightmare Underworld,,,,,,,,,,,,,,,,,Koszmarne podziemia,,,,Кошмарная преисподня,,,,,
HUSTR_E5M8,,,Halls of Perdition,,,,,,,,,,,,,,,,,Korytarze Potępienia,,,,Залы погибели,,,,,
HUSTR_E5M9,,,Realm of Iblis,,,,,,,,,,,,,,,,,Królestwo Eblisa,,,,Царство Иблиса,,,,,
,sigil2 level names (sans level #),,,,,,,,,,,,,,,,,,,,,,,,,,,,
HUSTR_E6M1,,,Cursed Darkness,,,,,,,,,,,,,,,,,Przeklęty mrok,,,,Проклятая тьма,,,,,
HUSTR_E6M2,,,Violent Hatred,,,,,,,,,,,,,,,,,Zaciekła nienawiść,,,,Яростная ненависть,,,,,
HUSTR_E6M3,,,Twilight Desolation,,,,,,,,,,,,,,,,,Spustoszenie o zmierzchu,,,,Сумерчное запустение,,,,,
HUSTR_E6M4,,,Fragments of Sanity,,,,,,,,,,,,,,,,,Odłamki poczytalności,,,,Отрывки здравомыслия,,,,,
HUSTR_E6M5,,,Wrathful Reckoning,,,,,,,,,,,,,,,,,Gniewny osąd,,,,Гневная расплата,,,,,
HUSTR_E6M6,,,Vengeance Unleashed,,,,,,,,,,,,,,,,,Wyzwolona zemsta,,,,Вольная месть,,,,,
HUSTR_E6M7,,,Descent Into Terror,,,,,,,,,,,,,,,,,Popadek w przerażenie,,,,Погружение в страх,,,,,
HUSTR_E6M8,,,Abyss of Despair,,,,,,,,,,,,,,,,,Otchłań rozpaczy,,,,Бездна отчаяния,,,,,
HUSTR_E6M9,,,Shattered Homecoming,,,,,,,,,,,,,,,,,Zaniedbany powrót,,,,Разрушенное возвращение,,,,,
,legacy of rust level names,,,,,,,,,,,,,,,,,,,,,,,,,,,,
XHUSTR_1,,,Scar Gate,,,,,,,,,,,,,,,,,Wrota blizn,,,,Врата шрама,,,,,
XHUSTR_2,,,Sanguine Wastes,,,,,,,,,,,,,,,,,Krwawe odpady,,,,Кровавые отходы,,,,,
XHUSTR_3,,,Spirit Drains,,,,,,,,,,,,,,,,,Kabina dusz [WIP],,,,Стоки душ,,,,,
XHUSTR_4,,,Descending Inferno,,,,,,,,,,,,,,,,,Schodzące Inferno,,,,Нисходящий Ад,,,,,
XHUSTR_5,,,Creeping Hate,,,,,,,,,,,,,,,,,Ukryta nienawiść,,,,Крадущаяся ненависть,,,,,
XHUSTR_6,,,The Coiled City,,,,,,,,,,,,,,,,,Miasto zakrętów,,,,Спиральный город,,,,,
XHUSTR_7,,,Forfeited Salvation,,,,,,,,,,,,,,,,,Przepadłe zbawienie,,,,Утраченное спасение,,,,,
XHUSTR_8,,,Ash Mill,,,,,,,,,,,,,,,,,Młyn popielny [WIP],,,,Пепельная мельница,,,,,
XHUSTR_9,,,Second Coming,,,,,,,,,,,,,,,,,Drugie nadejście,,,,Второе пришествие,,,,,
XHUSTR_10,,,Falsehood,,,,,,,,,,,,,,,,,Kłamstwo,,,,Ложь,,,,,
XHUSTR_11,,,Dis Union,,,,,,,,,,,,,,,,,,,,,,,,,,
XHUSTR_12,,,Echoes of Pain,,,,,,,,,,,,,,,,,Echa bólu,,,,Отголоски боли,,,,,
XHUSTR_13,,,The Rack,,,,,,,,,,,,,,,,,Regał,,,,Стойка,,,,,
XHUSTR_14,,,Soul Silo,,,,,,,,,,,,,,,,,Izolatka dusz,,,,Силос душ,,,,,
XHUSTR_15,,,Brink,,,,,,,,,,,,,,,,,Skraj,,,,Грань,,,,,
XHUSTR_16,,,Panopticon,,,,,,,,,,,,,,,,,Panoptikon,,,,Паноптикум,,,,,
XHUSTR_99,,,Test Map Please Ignore,,,,,,,,,,,,,,,,,Mapa testowa zignoruj ją,,,,Тестовая карта прошу проигнорировать,,,,,
,iddm1 level names,,,,,,,,,,,,,,,,,,,,,,,,,,,,
MHUSTR_1,,,One,,,,,,,,,,,,,,,,,Pierwsza,,,,,,,,,
MHUSTR_2,,,Surge,,,,,,,,,,,,,,,,,Przypływ,,,,,,,,,
MHUSTR_3,,,Artemis,,,,,,,,,,,,,,,,,Artemida,,,,,,,,,
MHUSTR_4,,,Lazarus 2024,,,,,,,,,,,,,,,,,Łazarz 2024,,,,,,,,,
MHUSTR_5,,,Baneful Crypt,,,,,,,,,,,,,,,,,Zgubna krypta,,,,,,,,,
MHUSTR_6,,,Ziggurat,,,,,,,,,,,,,,,,,,,,,,,,,,
MHUSTR_7,,,Magnificent Seven,,,,,,,,,,,,,,,,,Siedmiu wspaniałych,,,,,,,,,
MHUSTR_8,,,High Hopes,,,,,,,,,,,,,,,,,Wielkie nadzieje,,,,,,,,,
MHUSTR_9,,,Tournament Edition,,,,,,,,,,,,,,,,,Edycja turniejowa,,,,,,,,,
MHUSTR_10,,,Purge Facility,,,,,,,,,,,,,,,,,Placówka ds. czystek,,,,,,,,,
MHUSTR_11,,,Bad Archeology,,,,,,,,,,,,,,,,,Zła archeologia,,,,,,,,,
MHUSTR_12,,,Catapult Ordeal,,,,,,,,,,,,,,,,,Męczarnia z katapultą,,,,,,,,,
MHUSTR_13,,,Moonbase,,,,,,,,,,,,,,,,,Stacja księzycowa,,,,,,,,,
MHUSTR_14,,,X-Factor,,,,,,,,,,,,,,,,,,,,,,,,,,
MHUSTR_15,,,Marble and Blood,,,,,,,,,,,,,,,,,Marmur z krwią,,,,,,,,,
MHUSTR_16,,,Wicked Warehouse,,,,,,,,,,,,,,,,,Potworny magazyn,,,,,,,,,
MHUSTR_17,,,Future Shock,,,,,,,,,,,,,,,,,Szok przyszłości,,,,,,,,,
MHUSTR_18,,,Diesel,,,,,,,,,,,,,,,,,,,,,,,,,,
MHUSTR_19,,,Blood Offering,,,,,,,,,,,,,,,,,Ofiara krwi,,,,,,,,,
MHUSTR_20,,,Corrupted Outpost,,,,,,,,,,,,,,,,,Placówka zepsucia,,,,,,,,,
MHUSTR_21,,,Treatment Station,,,,,,,,,,,,,,,,,Stacja leczenia,,,,,,,,,
MHUSTR_22,,,Luca Doesn't Name Maps,,,,,,,,,,,,,,,,,Luca nie nadaje mapom nazw,,,,,,,,,
MHUSTR_23,,,Good Ideas,,,,,,,,,,,,,,,,,Dobre pomysły,,,,,,,,,
MHUSTR_24,,,Static Station,,,,,,,,,,,,,,,,,Stacja statyczna,,,,,,,,,
MHUSTR_25,,,Heckbase Alpha,,,,,,,,,,,,,,,,,Stacja cholerna Alfa,,,,,,,,,
MHUSTR_26,,,Shoot to Kill,,,,,,,,,,,,,,,,,Strzelaj aby zabić,,,,,,,,,
,id24,,,,,,,,,,,,,,,,,,,,,,,,,,,,
ID24_GOTINCINERATOR,,,You got the incinerator!,,,,Du hast den Flammenwerfer!,,,¡Ya tienes la incineradora!,,,Vous avez mis la main sur l'incinérateur !,,Hai ottenuto l'inceneritore!,インシネレーターを入手した！,화염 방사기를 획득했습니다!,,,Znajdujesz spalacz!,,Você obteve o incinerador!,,Ты нашёл сжигатель!,,,,你已获得焚化器！,你拿到了焚化槍！
"ID24_GOTCALAMITYBLADE,,,You got the calamity blade!  Hot damn!,,,,Du hast die Unheilsklinge! Wunderschönes Teil!,,,¡Ya tienes la Cuchilla de la Calamidad! ¡La releche!,¡Ya tienes la Cuchilla de la Calamidad! ¡A trocear!,,Vous avez mis la main sur la Calamity Blade ! Ça va être chaud !,,Hai ottenuto la lama della calamità! Wow!,カラミティブレードを入手した！ やったぜ！,칼라미티 블레이드를 획득했습니다!  겁나 핫하네요!,,,Znajdujesz ostrze niedoli! Ale czad!,,Você obteve a lâmina da calamidade! Minha nossa!,,""Ты нашёл «Клинок погибели»! Ух, чёрт!"",,,,你已获得灾刃！酷毙了！,你拿到災厄之刃了！讚啦！"
ID24_GOTFUELCAN,,,Picked up a fuel can.,,,,Treibstoffbehälter eingesammelt.,,,Has recogido una lata de combustible.,Recogiste una lata de combustible.,,Vous avez récupéré un bidon d'essence.,,Hai raccolto una tanica di carburante.,燃料の缶を拾った,연료 캔을 획득했습니다.,,,Podnosisz puszkę z paliwem.,,Pegou um galão de combustível.,,Найдена канистра с топливом.,,,,已拾取1个燃料罐。,撿起了一個燃料罐。
ID24_GOTFUELTANK,,,Picked up a fuel tank.,,,,Treibstoffkanister eingesammelt.,,,Has recogido un depósito de combustible.,Recogiste un depósito de combustible.,,Vous avez récupéré un réservoir d'essence.,,Hai raccolto un serbatoio.,燃料タンクを拾った,연료 탱크를 획득했습니다.,,,Podnosisz bak z paliwem.,,Pegou um tanque de combustível.,,Найден бак с топливом.,,,,已拾取1个燃料箱。,撿起了一個燃料箱。
ID24_COLOR_GREEN,,,Green,,,,Grün,,,Verde,,,Vert,,Verde,グリーン,그린,,,Zielony,,Verde,,Зелёный,,,,绿色,綠色
ID24_COLOR_INDIGO,,,Indigo,,,,Indigoblau,,,Añil,Índigo,,Indigo,,Indaco,インディゴ,인디고,,,Indygo,,Índigo,,Индиго,,,,靛蓝色,靛色
ID24_COLOR_BROWN,,,Brown,,,,Braun,,,Marrón,Café,,Brun,,Marrone,ブラウン,브라운,,,Brązowy,,Marrom,,Коричневый,,,,棕色,棕色
ID24_COLOR_RED,,,Red,,,,Rot,,,Rojo,,,Rouge,,Rosso,レッド,빨간색,,,Czerwony,,Vermelho,,Красный,,,,红色,紅色
ID24_COLOR_YELLOW,,,Yellow,,,,Gelb,,,Amarillo,,,Jaune,,Giallo,イエロー,노란색,,,Żółty,,Amarelo,,Жёлтый,,,,黄色,黃色
ID24_COLOR_BLUE,,,Blue,,,,Blau,,,Azul,,,Bleu,,Blu,ブルー,블루,,,Niebieski,,Azul,,Синий,,,,蓝色,藍色
ID24_COLOR_NAVY,,,Navy,,,,Marineblau,,,Azul marino,,,Bleu marine,,Blu marino,ネイビー,네이비,,,Granatowy,,Azul-marinho,,Тёмно-синий,,,,深蓝色,海軍藍
ID24_COLOR_MAGENTA,,,Magenta,,,,Magenta,,,Magenta,,,Magenta,,Magenta,マゼンタ,마젠타,,,Purpurowy,,Magenta,,Пурпурный,,,,洋红色,洋紅色
,id1 actor tag names,,,,,,,,,,,,,,,,,,,,,,,,,,,,
AMMO_FUEL,,,Fuel,,,,,,,,,,,,,,,,,Paliwo,,,,,,,,,
TAG_INCINERATOR,,,Incinerator,,,,,,,,,,,,,,,,,Spalacz,,,,,,,,,
TAG_CALAMITYBLADE,,,Calamity Blade,,,,,,,,,,,,,,,,,Ostrze niedoli,,,,,,,,,
,id1 cast,,,,,,,,,,,,,,,,,,,,,,,,,,,,
ID24_GHOUL,,,Ghoul,,,,,,,,,,,,,,,,,Upiór,,,,,,,,,
ID24_BANSHEE,,,Banshee,,,,,,,,,,,,,,,,,,,,,,,,,,
ID24_SHOCKTROOPER,,,Shocktrooper,,,,,,,,,,,,,,,,,Szokowiec,,,,,,,,,
ID24_MINDWEAVER,,,Mindweaver,,,,,,,,,,,,,,,,,Mózgotkacz,,,,,,,,,
ID24_VASSAGO,,,Vassago,,,,,,,,,,,,,,,,,Wassago,,,,,,,,,
ID24_TYRANT,,,Tyrant,,,,,,,,,,,,,,,,,Tyran,,,,,,,,,
